{
    "Products": [
        {
            "brand": "Apple",
            "description": [
                "Processor - Intel Core i5",
                "Display Size - 13.3\"",
                "RAM - 8GB",
                "RAM Type- DDR3",
                "SSD - 128GB ",
                "Graphics Memory - Shared"
            ],
            "display_size": "13.3\"",
            "graphics_memory": "Shared",
            "img_link": "https://www.startech.com.bd/image/cache/catalog/laptop/apple/air/apple-macbook-air-mqd32hn-500x500-228x228.jpg",
            "price": 84000,
            "processor": "Intel Core i5",
            "product_link": "https://www.startech.com.bd/apple-13.3-inch-macbook-air-mqd32zp",
            "product_title": "Apple Macbook Air 13.3-inch, Core i5, 8GB Ram, 128GB SSD (MQD32LL/A,MQD32HN/A,MQD32ZP/A) 2017",
            "ram": "8GB",
            "ram_type": "DDR3",
            "status": "available",
            "storage": {
                "SSD": "128GB"
            },
            "website": "startech.com.bd"
        },
        {
            "brand": "Apple",
            "description": [
                "Processor - Intel Core i7",
                "Display Size - 13.3\"",
                "RAM - 8GB",
                "RAM Type- DDR3",
                "SSD - 128GB ",
                "Graphics Memory - Shared"
            ],
            "display_size": "13.3\"",
            "graphics_memory": "Shared",
            "img_link": "https://www.startech.com.bd/image/cache/catalog/laptop/apple/air/zouu3ll--500x500-228x228.jpg",
            "price": 94500,
            "processor": "Intel Core i7",
            "product_link": "https://www.startech.com.bd/apple-mackbook-air-zouu3ll-a-laptop",
            "product_title": "Apple MacBook Air Core i7 Z0UU3LL/A 13.3 inch 8GB Ram 128GB SSD",
            "ram": "8GB",
            "ram_type": "DDR3",
            "status": "available",
            "storage": {
                "SSD": "128GB"
            },
            "website": "startech.com.bd"
        },
        {
            "brand": "Apple",
            "description": [
                "Processor - Intel Core i5",
                "Display Size - 13.3\"",
                "RAM - 8GB",
                "RAM Type- DDR3",
                "SSD - 128GB ",
                "Graphics Memory - Shared"
            ],
            "display_size": "13.3\"",
            "graphics_memory": "Shared",
            "img_link": "https://www.startech.com.bd/image/cache/catalog/laptop/apple/air/air-silver-228x228.jpg",
            "price": 108000,
            "processor": "Intel Core i5",
            "product_link": "https://www.startech.com.bd/apple-macbook-air-128gb-ssd",
            "product_title": "Apple Macbook Air 13.3-inch Retina Display, Core i5, 8GB Ram, 128GB SSD MRE82LL/A Space Gray (2018)",
            "ram": "8GB",
            "ram_type": "DDR3",
            "status": "available",
            "storage": {
                "SSD": "128GB"
            },
            "website": "startech.com.bd"
        },
        {
            "brand": "Apple",
            "description": [
                "Processor - Intel Core i5",
                "Display Size - 13.3\"",
                "RAM - 8GB",
                "RAM Type- DDR3",
                "SSD - 128GB ",
                "Graphics Memory - Shared"
            ],
            "display_size": "13.3\"",
            "graphics_memory": "Shared",
            "img_link": "https://www.startech.com.bd/image/cache/catalog/laptop/apple/air/gold-500x500-228x228.jpg",
            "price": 108000,
            "processor": "Intel Core i5",
            "product_link": "https://www.startech.com.bd/apple-macbook-air-mree2ll-a-core-i5",
            "product_title": "Apple Macbook Air 13.3-inch Retina Display, Core i5, 8GB Ram, 128GB SSD MREE2LL/A Gold (2018)",
            "ram": "8GB",
            "ram_type": "DDR3",
            "status": "available",
            "storage": {
                "SSD": "128GB"
            },
            "website": "startech.com.bd"
        },
        {
            "brand": "Apple",
            "description": [
                "Processor - Intel Core i5",
                "Display Size - 13.3\"",
                "RAM - 8GB",
                "RAM Type- DDR3",
                "SSD - 256GB ",
                "Graphics Memory - Shared"
            ],
            "display_size": "13.3\"",
            "graphics_memory": "Shared",
            "img_link": "https://www.startech.com.bd/image/cache/catalog/laptop/apple/air/gold-500x500-228x228.jpg",
            "price": 123000,
            "processor": "Intel Core i5",
            "product_link": "https://www.startech.com.bd/apple-macbook-air-mref2ll-a",
            "product_title": "Apple Macbook Air 13.3-inch, Core i5, 8GB Ram, 256GB SSD (MREF2LL/A) Gold 2018",
            "ram": "8GB",
            "ram_type": "DDR3",
            "status": "available",
            "storage": {
                "SSD": "256GB"
            },
            "website": "startech.com.bd"
        },
        {
            "brand": "Apple",
            "description": [
                "Processor - Intel Core i5",
                "Display Size - 13.3\"",
                "RAM - 8GB",
                "RAM Type- DDR3",
                "SSD - 256GB ",
                "Graphics Memory - Shared"
            ],
            "display_size": "13.3\"",
            "graphics_memory": "Shared",
            "img_link": "https://www.startech.com.bd/image/cache/catalog/laptop/apple/air/air-silver-228x228.jpg",
            "price": 123000,
            "processor": "Intel Core i5",
            "product_link": "https://www.startech.com.bd/macbook-air-core-i5-a1932",
            "product_title": "Apple Macbook Air 13.3-inch, Core i5, 8GB Ram, 256GB SSD Space Gray (MRE92LL/A) 2018",
            "ram": "8GB",
            "ram_type": "DDR3",
            "status": "available",
            "storage": {
                "SSD": "256GB"
            },
            "website": "startech.com.bd"
        },
        {
            "brand": "Apple",
            "description": [
                "Processor - Others",
                "Display Size - 13.3\"",
                "RAM - 8GB",
                "RAM Type- DDR3",
                "SSD - 128GB ",
                "Graphics Memory - Shared"
            ],
            "display_size": "13.3\"",
            "graphics_memory": "Shared",
            "img_link": "https://www.startech.com.bd/image/cache/catalog/laptop/apple/macbook-pro/pro-grey-500x500-228x228.jpg",
            "price": 112000,
            "processor": "Others",
            "product_link": "https://www.startech.com.bd/apple-macbook-pro-mpxq2zp-a-i5-laptop",
            "product_title": "Apple MacBook Pro 13.3-inch Retina Display, Core i5, 8GB Ram, 128GB SSD, Space Gray MPXQ2LL/A (2017) ",
            "ram": "8GB",
            "ram_type": "DDR3",
            "status": "available",
            "storage": {
                "SSD": "128GB"
            },
            "website": "startech.com.bd"
        },
        {
            "brand": "Apple",
            "description": [
                "Processor - Intel Core i5",
                "Display Size - 13.3\"",
                "RAM - 8GB",
                "SSD - 256GB ",
                "Graphics Memory - Shared"
            ],
            "display_size": "13.3\"",
            "graphics_memory": "Shared",
            "img_link": "https://www.startech.com.bd/image/cache/catalog/laptop/apple/macbook-pro/pro-grey-500x500-228x228.jpg",
            "price": 125000,
            "processor": "Intel Core i5",
            "product_link": "https://www.startech.com.bd/apple-macbook-pro-2017-mpxu2ll",
            "product_title": "Apple Macbook Pro 13.3 inch Core i5, 8GB Ram, 256GB SSD Retina Display MPXU2LL/A (2017)",
            "ram": "8GB",
            "ram_type": "",
            "status": "available",
            "storage": {
                "SSD": "256GB"
            },
            "website": "startech.com.bd"
        },
        {
            "brand": "Apple",
            "description": [
                "Processor - Intel Core i9",
                "Display Size - 15\"",
                "RAM - 16GB",
                "SSD - 256GB ",
                "Graphics Memory - 4GB"
            ],
            "display_size": "15\"",
            "graphics_memory": "4GB",
            "img_link": "https://www.startech.com.bd/image/cache/catalog/laptop/apple/macbook-pro/apple-macbook-pro-2017-500x500-228x228.jpg",
            "price": 215000,
            "processor": "Intel Core i9",
            "product_link": "https://www.startech.com.bd/apple-15-inch-core-i9-macbook-pro",
            "product_title": "Apple MacBook Pro with 15\" Retina Display Core i9 16GB RAM and 256GB SSD-Z0V0MLL/A 2018",
            "ram": "16GB",
            "ram_type": "",
            "status": "available",
            "storage": {
                "SSD": "256GB"
            },
            "website": "startech.com.bd"
        },
        {
            "brand": "Apple",
            "description": [
                "Processor - Intel Core i5",
                "Display Size - 13.3\"",
                "RAM - 8GB",
                "SSD - 256GB ",
                "Graphics Memory - Shared"
            ],
            "display_size": "13.3\"",
            "graphics_memory": "Shared",
            "img_link": "https://www.startech.com.bd/image/cache/catalog/laptop/apple/macbook-pro/Apple%20Macbook%20Pro%2013.3-inch%20Retina%20Display-228x228.jpg",
            "price": 125000,
            "processor": "Intel Core i5",
            "product_link": "https://www.startech.com.bd/apple-macbook-pro-mpxt2ll-a-2017",
            "product_title": "Apple Macbook Pro 13.3-inch Retina Display, Core i5, 8GB Ram, 256GB SSD, Space Gray MPXT2LL/A (2017)",
            "ram": "8GB",
            "ram_type": "",
            "status": "available",
            "storage": {
                "SSD": "256GB"
            },
            "website": "startech.com.bd"
        },
        {
            "brand": "Apple",
            "description": [
                "Processor - Intel Core i5",
                "Display Size - 13.3\"",
                "RAM - 8GB",
                "RAM Type- DDR3",
                "SSD - 256GB ",
                "Graphics Memory - Shared"
            ],
            "display_size": "13.3\"",
            "graphics_memory": "Shared",
            "img_link": "https://www.startech.com.bd/image/cache/catalog/laptop/apple/macbook-pro/grey-spcae-pro-500x500-500x500-228x228.jpg",
            "price": 152000,
            "processor": "Intel Core i5",
            "product_link": "https://www.startech.com.bd/apple-macbook-pro-13-inch-mr9q2ll-a-i5-laptop",
            "product_title": "Apple MacBook Pro 13-inch Retina Display with Touch Bar, Core i5, 8GB RAM, 256GB SSD, Space Gray MR9Q2LL/A (2018)",
            "ram": "8GB",
            "ram_type": "DDR3",
            "status": "available",
            "storage": {
                "SSD": "256GB"
            },
            "website": "startech.com.bd"
        },
        {
            "brand": "Apple",
            "description": [],
            "display_size": "",
            "graphics_memory": "",
            "img_link": "https://www.startech.com.bd/image/cache/catalog/laptop/apple/macbook-pro-2019-mv902ll-a/mac-pro-spcae-grey-2019-228x228.jpg",
            "price": 210000,
            "processor": "",
            "product_link": "https://www.startech.com.bd/apple-macbook-pro-core-i7-mv902ll-a",
            "product_title": "Apple MacBook Pro 15.4 inch Core i7 16GB Ram 256GB SSD Retina Display (Space Gray, MV902LL/A)",
            "ram": "",
            "ram_type": "",
            "status": "available",
            "storage": {},
            "website": "startech.com.bd"
        },
        {
            "brand": "Apple",
            "description": [
                "Processor - Intel Core i5",
                "Display Size - 13.3\"",
                "RAM - 8GB",
                "RAM Type- DDR3",
                "SSD - 512GB ",
                "Graphics Memory - Shared"
            ],
            "display_size": "13.3\"",
            "graphics_memory": "Shared",
            "img_link": "https://www.startech.com.bd/image/cache/catalog/laptop/apple/macbook-pro/pro-grey-500x500-228x228.jpg",
            "price": 165000,
            "processor": "Intel Core i5",
            "product_link": "https://www.startech.com.bd/apple-macbook-pro-mr9r2lla-laptop",
            "product_title": "Apple MacBook Pro 13-inch Retina Display with Touch Bar, Core i5, 8GB RAM, 512GB SSD, Space Gray MR9R2LL/A (2018)",
            "ram": "8GB",
            "ram_type": "DDR3",
            "status": "available",
            "storage": {
                "SSD": "512GB"
            },
            "website": "startech.com.bd"
        },
        {
            "brand": "Apple",
            "description": [
                "Processor - Intel Core i5",
                "Display Size - 13.3\"",
                "RAM - 8GB",
                "RAM Type- DDR3",
                "SSD - 256GB ",
                "Graphics Memory - Shared"
            ],
            "display_size": "13.3\"",
            "graphics_memory": "Shared",
            "img_link": "https://www.startech.com.bd/image/cache/catalog/laptop/apple/macbook-pro/grey-spcae-pro-500x500-500x500-228x228.jpg",
            "price": 164000,
            "processor": "Intel Core i5",
            "product_link": "https://www.startech.com.bd/apple-mv962zp-a-i5-256gb-ssd-laptop",
            "product_title": "Apple MacBook Pro 13.3\" 8th Gen Core i5 256GB SSD With Touch Bar (MV962ZP/A, Space Gray, Mid 2019)",
            "ram": "8GB",
            "ram_type": "DDR3",
            "status": "available",
            "storage": {
                "SSD": "256GB"
            },
            "website": "startech.com.bd"
        },
        {
            "brand": "Apple",
            "description": [
                "Processor - Intel Core i5",
                "Display Size - 13.3\"",
                "RAM - 8GB",
                "RAM Type- DDR3",
                "SSD - 512GB ",
                "Graphics Memory - Shared"
            ],
            "display_size": "13.3\"",
            "graphics_memory": "Shared",
            "img_link": "https://www.startech.com.bd/image/cache/catalog/laptop/apple/macbook-pro/grey-spcae-pro-500x500-500x500-228x228.jpg",
            "price": 182000,
            "processor": "Intel Core i5",
            "product_link": "https://www.startech.com.bd/apple-macbook-pro-mv972ll-a-i5-laptop",
            "product_title": "Apple MacBook Pro 13.3\" 8th Gen Core i5 512GB SSD With Touch Bar (MV972ZP/A, Space Gray, Mid 2019)",
            "ram": "8GB",
            "ram_type": "DDR3",
            "status": "available",
            "storage": {
                "SSD": "512GB"
            },
            "website": "startech.com.bd"
        },
        {
            "brand": "Apple",
            "description": [
                "Processor - Intel Core i7",
                "Display Size - 15.4\"",
                "RAM - 16GB",
                "RAM Type- DDR4",
                "SSD - 256GB ",
                "Graphics Memory - 4GB"
            ],
            "display_size": "15.4\"",
            "graphics_memory": "4GB",
            "img_link": "https://www.startech.com.bd/image/cache/catalog/laptop/apple/macbook-pro/apple-mr962ll-a-500x500-228x228.jpg",
            "price": 196000,
            "processor": "Intel Core i7",
            "product_link": "https://www.startech.com.bd/apple-mr962ll-a-core-i7-laptop",
            "product_title": "Apple MacBook Pro 15-inch Retina Display with Touch Bar, Core i7, 16GB Ram, 256GB SSD, Dedicated Graphics, Silver MR962LL/A (2018)",
            "ram": "16GB",
            "ram_type": "DDR4",
            "status": "available",
            "storage": {
                "SSD": "256GB"
            },
            "website": "startech.com.bd"
        },
        {
            "brand": "Apple",
            "description": [
                "Processor - Intel Core i7",
                "Display Size - 15.4\"",
                "RAM - 16GB",
                "RAM Type- DDR4",
                "SSD - 256GB ",
                "Graphics Memory - 4GB"
            ],
            "display_size": "15.4\"",
            "graphics_memory": "4GB",
            "img_link": "https://www.startech.com.bd/image/cache/catalog/laptop/apple/macbook-pro/grey-spcae-pro-500x500-500x500-228x228.jpg",
            "price": 196000,
            "processor": "Intel Core i7",
            "product_link": "https://www.startech.com.bd/apple-macbook-pro-mr932ll-a-i7-laptop",
            "product_title": "Apple MacBook Pro 15-inch Retina Display with Touch Bar, Core i7, 16GB Ram, 256GB SSD, Dedicated Graphics, Space Gray MR932LL/A (2018)",
            "ram": "16GB",
            "ram_type": "DDR4",
            "status": "available",
            "storage": {
                "SSD": "256GB"
            },
            "website": "startech.com.bd"
        },
        {
            "brand": "Apple",
            "description": [
                "Processor - Intel Core i9",
                "Display Size - 15.4\"",
                "RAM - 16GB",
                "RAM Type- DDR4",
                "SSD - 512GB ",
                "Graphics Memory - 4GB"
            ],
            "display_size": "15.4\"",
            "graphics_memory": "4GB",
            "img_link": "https://www.startech.com.bd/image/cache/catalog/laptop/apple/macbook-pro/grey-spcae-pro-500x500-500x500-228x228.jpg",
            "price": 256000,
            "processor": "Intel Core i9",
            "product_link": "https://www.startech.com.bd/apple-macbook-pro-mv912ll-a-laptop",
            "product_title": "Apple MacBook Pro 15.4\" 9th Gen Core i9 with Touch Bar ( MV912LL/A , Space Gray, Mid 2019 )",
            "ram": "16GB",
            "ram_type": "DDR4",
            "status": "available",
            "storage": {
                "SSD": "512GB"
            },
            "website": "startech.com.bd"
        },
        {
            "brand": "Apple",
            "description": [],
            "display_size": "",
            "graphics_memory": "",
            "img_link": "https://www.startech.com.bd/image/cache/catalog/keyboard/Apple/magic-keyboard-numberpad/magic-keyboard-numberpad-1-228x228.jpg",
            "price": 13000,
            "processor": "",
            "product_link": "https://www.startech.com.bd/apple-magic-keyboard-number-pad%20",
            "product_title": "Apple Magic Keyboard with Number Pad",
            "ram": "",
            "ram_type": "",
            "status": "available",
            "storage": {},
            "website": "startech.com.bd"
        },
        {
            "brand": "Apple",
            "description": [
                "Processor - Intel Core i7",
                "Display Size - 15.4\"",
                "RAM - 16GB",
                "RAM Type- DDR3",
                "SSD - 256GB ",
                "Graphics Memory - 2GB"
            ],
            "display_size": "15.4\"",
            "graphics_memory": "2GB",
            "img_link": "https://www.startech.com.bd/image/cache/catalog/laptop/apple/macbook-pro/grey-spcae-pro-500x500-500x500-228x228.jpg",
            "price": 192000,
            "processor": "Intel Core i7",
            "product_link": "https://www.startech.com.bd/apple-macbook-pro-mptr2ll-a-laptop",
            "product_title": "Apple MacBook Pro 15-inch Retina Display with Touch Bar, Core i7, 16GB Ram, 256GB SSD, Dedicated Graphics, Space Gray MPTR2LL/A (2017) ",
            "ram": "16GB",
            "ram_type": "DDR3",
            "status": "not available",
            "storage": {
                "SSD": "256GB"
            },
            "website": "startech.com.bd"
        },
        {
            "brand": "Apple",
            "description": [],
            "display_size": "",
            "graphics_memory": "",
            "img_link": "https://www.startech.com.bd/image/cache/catalog/apple-laptop/airpod-mmef2za/mmef2za-1-228x228.jpg",
            "price": 15000,
            "processor": "",
            "product_link": "https://www.startech.com.bd/apple-mmef2za-a-airpod",
            "product_title": "Apple MMEF2ZA/A Airpods",
            "ram": "",
            "ram_type": "",
            "status": "available",
            "storage": {},
            "website": "startech.com.bd"
        },
        {
            "brand": "Apple",
            "description": [],
            "display_size": "",
            "graphics_memory": "",
            "img_link": "https://www.startech.com.bd/image/cache/catalog/Accessories/Apple/Apple%20Magic%20Mouse%202-1-228x228.jpg",
            "price": 7900,
            "processor": "",
            "product_link": "https://www.startech.com.bd/apple-magic-mouse-2",
            "product_title": "Apple (MLA02ZA/A) Magic Mouse 2",
            "ram": "",
            "ram_type": "",
            "status": "available",
            "storage": {},
            "website": "startech.com.bd"
        },
        {
            "brand": "Apple",
            "description": [
                "Processor - Intel Core i5",
                "Display Size - 13.3\"",
                "RAM - 8GB",
                "RAM Type- DDR3",
                "SSD - 256GB ",
                "Graphics Memory - Shared"
            ],
            "display_size": "13.3\"",
            "graphics_memory": "Shared",
            "img_link": "https://www.startech.com.bd/image/cache/catalog/laptop/apple/air/apple-macbook-air-500x500-228x228.jpg",
            "price": 97000,
            "processor": "Intel Core i5",
            "product_link": "https://www.startech.com.bd/apple-macbook-air-mqd42hna-2017",
            "product_title": "Apple Macbook Air 13.3-inch, Core i5, 8GB Ram, 256GB SSD (MQD42HN/A / MQD42LL/A) 2017",
            "ram": "8GB",
            "ram_type": "DDR3",
            "status": "not available",
            "storage": {
                "SSD": "256GB"
            },
            "website": "startech.com.bd"
        },
        {
            "brand": "Apple",
            "description": [
                "Processor - Intel Core i7",
                "Display Size - 15.4\"",
                "RAM - 16GB",
                "RAM Type- DDR3",
                "HDD - 512GB ",
                "Graphics Memory - 2GB"
            ],
            "display_size": "15.4\"",
            "graphics_memory": "2GB",
            "img_link": "https://www.startech.com.bd/image/cache/catalog/laptop/apple/macbook-pro/apple-macbook-pro-1-228x228.jpg",
            "price": 220000,
            "processor": "Intel Core i7",
            "product_link": "https://www.startech.com.bd/apple-macbook-pro-mjlt2ll-a-i7-laptop",
            "product_title": "Apple Macbook Pro MJLT2LL/A 15.4 Inch Laptop Core i7 16GB Ram,512 GB SSD With Graphics",
            "ram": "16GB",
            "ram_type": "DDR3",
            "status": "not available",
            "storage": {
                "HDD": "512GB"
            },
            "website": "startech.com.bd"
        },
        {
            "brand": "Apple",
            "description": [
                "Processor - Intel Core i7",
                "Display Size - 15.4\"",
                "RAM - 16GB",
                "RAM Type- DDR3",
                "SSD - 512GB ",
                "Graphics Memory - 4GB"
            ],
            "display_size": "15.4\"",
            "graphics_memory": "4GB",
            "img_link": "https://www.startech.com.bd/image/cache/catalog/laptop/apple/macbook-pro/macbook-pro2017-1-228x228.jpg",
            "price": 235000,
            "processor": "Intel Core i7",
            "product_link": "https://www.startech.com.bd/apple-macbook-pro-mptt2hn-a-2017",
            "product_title": "Apple Macbook Pro 15.4 inch Core i7, 16GB Ram, 512GB SSD Retina Display, with Dedicated Graphics Card & Touch Bar, MPTT2LL/A (2017)",
            "ram": "16GB",
            "ram_type": "DDR3",
            "status": "not available",
            "storage": {
                "SSD": "512GB"
            },
            "website": "startech.com.bd"
        },
        {
            "brand": "Apple",
            "description": [
                "Processor - Intel Core i5",
                "Display Size - 13.3\"",
                "RAM - 8GB",
                "SSD - 512GB ",
                "Graphics Memory - Shared"
            ],
            "display_size": "13.3\"",
            "graphics_memory": "Shared",
            "img_link": "https://www.startech.com.bd/image/cache/catalog/laptop/apple/macbook-pro/apple-macbook-pro-2017-500x500-228x228.jpg",
            "price": 169000,
            "processor": "Intel Core i5",
            "product_link": "https://www.startech.com.bd/apple-macbook-pro-mpxw2ll-a-2017",
            "product_title": "Apple MacBook Pro 13-inch Retina Display with Touch Bar, Core i5, 8GB RAM, 512GB SSD, Space Gray MPXW2LL/A (2017) ",
            "ram": "8GB",
            "ram_type": "",
            "status": "not available",
            "storage": {
                "SSD": "512GB"
            },
            "website": "startech.com.bd"
        }
    ]
}