{
    "Products": [
        {
            "brand": "iLife",
            "description": [
                "Processor - Others",
                "Display Size - 14\"",
                "RAM - 2GB",
                "SSD - 32GB ",
                "Graphics Memory - Shared"
            ],
            "display_size": "14\"",
            "graphics_memory": "Shared",
            "img_link": "https://www.startech.com.bd/image/cache/catalog/laptop/i-life/zed-air/zedair-228x228.jpg",
            "price": 16500,
            "processor": "Others",
            "product_link": "https://www.startech.com.bd/i-life-zedair",
            "product_title": "i-Life Zed Air 14'' Quad Core Laptop",
            "ram": "2GB",
            "ram_type": "",
            "status": "available",
            "storage": {
                "SSD": "32GB"
            },
            "website": "startech.com.bd"
        },
        {
            "brand": "iLife",
            "description": [
                "Processor - Others",
                "Display Size - ",
                "RAM - 3GB",
                "SSD - 128GB ",
                "Graphics Memory - Shared"
            ],
            "display_size": "",
            "graphics_memory": "Shared",
            "img_link": "https://www.startech.com.bd/image/cache/catalog/laptop/i-life/zed-air3/zedair3-228x228.jpg",
            "price": 28000,
            "processor": "Others",
            "product_link": "https://www.startech.com.bd/i-life-zedair-3",
            "product_title": "i-Life ZedAir 3 Pentium Quad Core 13.3\" Full HD IPS Laptop with 128GB SSD",
            "ram": "3GB",
            "ram_type": "",
            "status": "available",
            "storage": {
                "SSD": "128GB"
            },
            "website": "startech.com.bd"
        },
        {
            "brand": "iLife",
            "description": [
                "Processor - Others",
                "Display Size - 14\"",
                "RAM - 2GB",
                "HDD - 32GB ",
                "Graphics Memory - Shared"
            ],
            "display_size": "14\"",
            "graphics_memory": "Shared",
            "img_link": "https://www.startech.com.bd/image/cache/catalog/laptop-notebook/i-Life/i-Life%20ZedAir%20H2/Zedair-H2-Silver-p1-228x228.jpg",
            "price": 19999,
            "processor": "Others",
            "product_link": "https://www.startech.com.bd/i-life-zedair-h",
            "product_title": "i-Life Zed Air H 14 Inch Laptop",
            "ram": "2GB",
            "ram_type": "",
            "status": "available",
            "storage": {
                "HDD": "32GB"
            },
            "website": "startech.com.bd"
        },
        {
            "brand": "iLife",
            "description": [
                "Processor - Others",
                "Display Size - 14\"",
                "RAM - 3GB",
                "HDD - 32GB ",
                "Graphics Memory - Shared"
            ],
            "display_size": "14\"",
            "graphics_memory": "Shared",
            "img_link": "https://www.startech.com.bd/image/cache/catalog/laptop-notebook/i-Life/i-Life%20ZedAir%20H2/Zedair-H2-Silver-p1-228x228.jpg",
            "price": 21500,
            "processor": "Others",
            "product_link": "https://www.startech.com.bd/i-life-zedair-h2",
            "product_title": "i-Life Zed Air H2 14 Inch Laptop",
            "ram": "3GB",
            "ram_type": "",
            "status": "available",
            "storage": {
                "HDD": "32GB"
            },
            "website": "startech.com.bd"
        },
        {
            "brand": "iLife",
            "description": [
                "Processor - Others",
                "Display Size - 10.1\"",
                "RAM - 2GB",
                "RAM Type- DDR3",
                "HDD - 32GB ",
                "Graphics Memory - Shared"
            ],
            "display_size": "10.1\"",
            "graphics_memory": "Shared",
            "img_link": "https://www.startech.com.bd/image/cache/catalog/laptop/i-life/zedbook-w/zedbook-w-228x228.jpg",
            "price": 15990,
            "processor": "Others",
            "product_link": "https://www.startech.com.bd/i-life-zed-book-w",
            "product_title": "i-Life Zed Book W Atom Quad Core Z3735F 10.1\" IPS Touch Notebook With Genuine Win 10",
            "ram": "2GB",
            "ram_type": "DDR3",
            "status": "available",
            "storage": {
                "HDD": "32GB"
            },
            "website": "startech.com.bd"
        },
        {
            "brand": "iLife",
            "description": [
                "Processor - Others",
                "Display Size - 14.1\"",
                "RAM - 6GB",
                "HDD - 500GB ",
                "Graphics Memory - Shared"
            ],
            "display_size": "14.1\"",
            "graphics_memory": "Shared",
            "img_link": "https://www.startech.com.bd/image/cache/catalog/laptop/i-life/zed-air/i-life-zedair-h6-laptop-228x228.jpg",
            "price": 24000,
            "processor": "Others",
            "product_link": "https://www.startech.com.bd/i-life-zedair-h6-laptop",
            "product_title": "i-Life ZedAir H6 14.1\" HD Laptop",
            "ram": "6GB",
            "ram_type": "",
            "status": "available",
            "storage": {
                "HDD": "500GB"
            },
            "website": "startech.com.bd"
        },
        {
            "brand": "iLife",
            "description": [
                "Processor - Others",
                "Display Size - ",
                "RAM - 6GB",
                "HDD - 500GB ",
                "Graphics Memory - Shared"
            ],
            "display_size": "",
            "graphics_memory": "Shared",
            "img_link": "https://www.startech.com.bd/image/cache/catalog/laptop/i-life/zed-air-plus/zedairplus-5-228x228.jpg",
            "price": 24000,
            "processor": "Others",
            "product_link": "https://www.startech.com.bd/i-life-zed-air-plus-laptop",
            "product_title": "I-Life Zed Air Plus Celeron Dual Core 15.6\" Full HD Laptop",
            "ram": "6GB",
            "ram_type": "",
            "status": "not available",
            "storage": {
                "HDD": "500GB"
            },
            "website": "startech.com.bd"
        },
        {
            "brand": "iLife",
            "description": [
                "Processor - Others",
                "Display Size - ",
                "RAM - 2GB",
                "HDD - 32GB ",
                "Graphics Memory - Shared"
            ],
            "display_size": "",
            "graphics_memory": "Shared",
            "img_link": "https://www.startech.com.bd/image/cache/catalog/laptop/i-life/zedbook-2/zedbook-2-1-228x228.jpg",
            "price": 25000,
            "processor": "Others",
            "product_link": "https://www.startech.com.bd/i-life-zedbook-2-laptop",
            "product_title": "i-Life ZedBook 2 Atom Quad Core z8350 11.6\" Full HD Laptop",
            "ram": "2GB",
            "ram_type": "",
            "status": "not available",
            "storage": {
                "HDD": "32GB"
            },
            "website": "startech.com.bd"
        }
    ]
}