{
    "Products": [
        {
            "brand": "Razer",
            "description": [
                "Processor - Intel Core i7",
                "Display Size - 15.6\"",
                "RAM - 16GB",
                "RAM Type- DDR4",
                "HDD - 1TB SSD - 256GB ",
                "Graphics Memory - 6GB"
            ],
            "display_size": "15.6\"",
            "graphics_memory": "6GB",
            "img_link": "https://www.startech.com.bd/image/cache/catalog/laptop/razer/blade-15/blade-15-1-228x228.jpg",
            "price": 180000,
            "processor": "Intel Core i7",
            "product_link": "https://www.startech.com.bd/razer-blade-15-core-i7-gaming-laptop",
            "product_title": "Razer Blade 15 Core i7 9th Gen 15.6\u2033 Full HD Gaming Laptop with GTX 1660 Ti 6GB Graphics",
            "ram": "16GB",
            "ram_type": "DDR4",
            "status": "available",
            "storage": {
                "HDD": "1TB",
                "SSD": "256GB"
            },
            "website": "startech.com.bd"
        },
        {
            "brand": "Razer",
            "description": [
                "Processor - Intel Core i7",
                "Display Size - 13.3\"",
                "RAM - 16GB",
                "RAM Type- DDR4",
                "SSD - 512GB ",
                "Graphics Memory - 4GB"
            ],
            "display_size": "13.3\"",
            "graphics_memory": "4GB",
            "img_link": "https://www.startech.com.bd/image/cache/catalog/laptop/razer/blade-stealth-13/RazerBladeStealth13-2019__1_-228x228.jpg",
            "price": 185000,
            "processor": "Intel Core i7",
            "product_link": "https://www.startech.com.bd/razer-blade-stealth-13-10th-gen-gaming-laptop",
            "product_title": "Razer Blade Stealth 13 Core i7 10th Gen 13.3\" FHD Gaming Ultrabook with GTX 1650 4GB Graphics",
            "ram": "16GB",
            "ram_type": "DDR4",
            "status": "available",
            "storage": {
                "SSD": "512GB"
            },
            "website": "startech.com.bd"
        },
        {
            "brand": "Razer",
            "description": [
                "Processor - Intel Core i7",
                "Display Size - 15.6\"",
                "RAM - 16GB",
                "RAM Type- DDR4",
                "SSD - 512GB ",
                "Graphics Memory - 6GB"
            ],
            "display_size": "15.6\"",
            "graphics_memory": "6GB",
            "img_link": "https://www.startech.com.bd/image/cache/catalog/laptop/razer/blade-15/base-main-228x228.PNG",
            "price": 199000,
            "processor": "Intel Core i7",
            "product_link": "https://www.startech.com.bd/razer-blade-15-base-gaming-laptop",
            "product_title": "Razer Blade 15 Core i7 9th Gen 15.6\u2033 Full HD Gaming Laptop With RTX 2060 6GB Graphics",
            "ram": "16GB",
            "ram_type": "DDR4",
            "status": "available",
            "storage": {
                "SSD": "512GB"
            },
            "website": "startech.com.bd"
        },
        {
            "brand": "Razer",
            "description": [
                "Processor - Intel Core i7",
                "Display Size - 15.6\"",
                "RAM - 16GB",
                "RAM Type- DDR4",
                "SSD - 512GB ",
                "Graphics Memory - 8GB"
            ],
            "display_size": "15.6\"",
            "graphics_memory": "8GB",
            "img_link": "https://www.startech.com.bd/image/cache/catalog/laptop/razer/blade-advance/blade-2-228x228.jpg",
            "price": 255000,
            "processor": "Intel Core i7",
            "product_link": "https://www.startech.com.bd/razer-blade-15-advance-core-i7-gaming-laptop",
            "product_title": "Razer Blade 15 (Advance) Core i7 9th Gen 15.6\u2033 Full HD Gaming Laptop With RTX 2070 Max-Q 8GB Graphics",
            "ram": "16GB",
            "ram_type": "DDR4",
            "status": "available",
            "storage": {
                "SSD": "512GB"
            },
            "website": "startech.com.bd"
        },
        {
            "brand": "Razer",
            "description": [
                "Processor - Intel Core i7",
                "Display Size - 15.6\"",
                "RAM - 16GB",
                "RAM Type- DDR4",
                "SSD - 512GB ",
                "Graphics Memory - 8GB"
            ],
            "display_size": "15.6\"",
            "graphics_memory": "8GB",
            "img_link": "https://www.startech.com.bd/image/cache/catalog/laptop/razer/blade-advance/blade-8-228x228.jpg",
            "price": 290000,
            "processor": "Intel Core i7",
            "product_link": "https://www.startech.com.bd/razer-blade-15-advanced-i7-gaming-laptop",
            "product_title": "Razer Blade 15 (Advanced) Core i7 9th Gen 15.6\u2033 Full HD Gaming Laptop With RTX 2080 Max-Q 8GB Graphics",
            "ram": "16GB",
            "ram_type": "DDR4",
            "status": "available",
            "storage": {
                "SSD": "512GB"
            },
            "website": "startech.com.bd"
        },
        {
            "brand": "Razer",
            "description": [
                "Processor - Intel Core i7",
                "Display Size - 17.3\"",
                "RAM - 16GB",
                "RAM Type- DDR4",
                "SSD - 512GB ",
                "Graphics Memory - 8GB"
            ],
            "display_size": "17.3\"",
            "graphics_memory": "8GB",
            "img_link": "https://www.startech.com.bd/image/cache/catalog/laptop/razer/blade-pro-17/razer-blade-pro-17-228x228.jpg",
            "price": 310000,
            "processor": "Intel Core i7",
            "product_link": "https://www.startech.com.bd/razer-blade-pro-17-gaming-laptop",
            "product_title": "Razer Blade Pro 17 Core i7 9th Gen 17.3\u2033 Full HD Gaming Laptop With RTX 2080 Max-Q 8GB Graphics",
            "ram": "16GB",
            "ram_type": "DDR4",
            "status": "not available",
            "storage": {
                "SSD": "512GB"
            },
            "website": "startech.com.bd"
        }
    ]
}